<?xml version="1.0" encoding="utf-8"?>
<demos><!--This is an autogenerated file, please do not modify-->
   <name>TensorReg</name>
   <type>toolbox</type>
   <icon>HelpIcon.DEMOS</icon>
   <website/>
   <description>TensorReg toolbox is a collection of Matlab functions for tensor regressions.</description>
   <demosection>
      <label>TensorReg</label>
      <demoitem>
         <label>demo_kruskal</label>
         <type>other</type>
         <source>demo_kruskal</source>
         <file>html/demo_kruskal.html</file>
      </demoitem>
      <demoitem>
         <label>demo_matrixreg</label>
         <type>other</type>
         <source>demo_matrixreg</source>
         <file>html/demo_matrixreg.html</file>
      </demoitem>
      <demoitem>
         <label>demo_resize</label>
         <type>other</type>
         <source>demo_resize</source>
         <file>html/demo_resize.html</file>
      </demoitem>
      <demoitem>
         <label>demo_tucker</label>
         <type>other</type>
         <source>demo_tucker</source>
         <file>html/demo_tucker.html</file>
      </demoitem>
   </demosection>
</demos>